<?xml version="1.0" encoding="UTF-8"?>
<project-private xmlns="http://www.netbeans.org/ns/project-private/1">
    <editor-bookmarks xmlns="http://www.netbeans.org/ns/editor-bookmarks/2" lastBookmarkId="0"/>
    <open-files xmlns="http://www.netbeans.org/ns/projectui-open-files/2">
        <group>
            <file>file:/C:/Users/gloo2/Documents/DAM/Primero/Programacion/Tarea_9/Tarea/Bejarano_Alcantara_Gloria_PROG_Tarea09/src/tarea09/Principal.java</file>
            <file>file:/C:/Users/gloo2/Documents/DAM/Primero/Programacion/Tarea_9/Tarea/Bejarano_Alcantara_Gloria_PROG_Tarea09/src/tarea09/memoria.fxml</file>
            <file>file:/C:/Users/gloo2/Documents/DAM/Primero/Programacion/Tarea_9/Tarea/Bejarano_Alcantara_Gloria_PROG_Tarea09/src/tarea09/JuegoMemoria.java</file>
            <file>file:/C:/Users/gloo2/Documents/DAM/Primero/Programacion/Tarea_9/Tarea/Bejarano_Alcantara_Gloria_PROG_Tarea09/src/tarea09/estilos.css</file>
            <file>file:/C:/Users/gloo2/Documents/DAM/Primero/Programacion/Tarea_9/Tarea/Bejarano_Alcantara_Gloria_PROG_Tarea09/src/tarea09/MemoriaController.java</file>
        </group>
    </open-files>
</project-private>
